Article,FakeNews
Medical innovations reduce patient risk,0
Cloud computing adoption grows rapidly,0
Time traveler wins lottery repeatedly,1
New machine learning model released,0
Doctors discover treatment breakthrough,0
Health organizations publish new study,0
Moon made entirely of gold scientists say,1
Financial markets experience volatility,0
Banks report strong quarterly profits,0
Investors remain optimistic about economy,0
Invisible dragons found in city center,1
Artificial Intelligence transforms industries,0
Drinking oil cures every disease instantly,1
Financial markets experience volatility,0
Aliens control world governments secretly,1
Cloud computing adoption grows rapidly,0
Healthcare technology continues improving,0
Invisible dragons found in city center,1
Moon made entirely of gold scientists say,1
Invisible dragons found in city center,1
Aliens control world governments secretly,1
Health organizations publish new study,0
Health organizations publish new study,0
New machine learning model released,0
Aliens control world governments secretly,1
Drinking oil cures every disease instantly,1
Stock market closes higher today,0
Financial markets experience volatility,0
Banks report strong quarterly profits,0
Invisible dragons found in city center,1
Medical innovations reduce patient risk,0
Cloud computing adoption grows rapidly,0
Stock market closes higher today,0
Drinking oil cures every disease instantly,1
Invisible dragons found in city center,1
Investors remain optimistic about economy,0
Time traveler wins lottery repeatedly,1
Healthcare technology continues improving,0
Banks report strong quarterly profits,0
Investors remain optimistic about economy,0
Banks report strong quarterly profits,0
Banks report strong quarterly profits,0
Quantum computing breakthrough announced,0
Time traveler wins lottery repeatedly,1
Financial markets experience volatility,0
Drinking oil cures every disease instantly,1
Cybersecurity threats increase worldwide,0
Invisible dragons found in city center,1
Artificial Intelligence transforms industries,0
Quantum computing breakthrough announced,0
Artificial Intelligence transforms industries,0
New vaccine research shows promise,0
Aliens control world governments secretly,1
Moon made entirely of gold scientists say,1
New vaccine research shows promise,0
Moon made entirely of gold scientists say,1
New vaccine research shows promise,0
Health organizations publish new study,0
Investors remain optimistic about economy,0
Cybersecurity threats increase worldwide,0
New vaccine research shows promise,0
Invisible dragons found in city center,1
Stock market closes higher today,0
Time traveler wins lottery repeatedly,1
Medical innovations reduce patient risk,0
Moon made entirely of gold scientists say,1
New vaccine research shows promise,0
Health organizations publish new study,0
Doctors discover treatment breakthrough,0
Quantum computing breakthrough announced,0
Interest rates remain unchanged,0
New machine learning model released,0
Banks report strong quarterly profits,0
Cloud computing adoption grows rapidly,0
New vaccine research shows promise,0
Time traveler wins lottery repeatedly,1
Invisible dragons found in city center,1
Financial markets experience volatility,0
Health organizations publish new study,0
Doctors discover treatment breakthrough,0
Cybersecurity threats increase worldwide,0
Cloud computing adoption grows rapidly,0
Medical innovations reduce patient risk,0
Investors remain optimistic about economy,0
Artificial Intelligence transforms industries,0
Cybersecurity threats increase worldwide,0
Invisible dragons found in city center,1
Invisible dragons found in city center,1
Interest rates remain unchanged,0
Drinking oil cures every disease instantly,1
Medical innovations reduce patient risk,0
Artificial Intelligence transforms industries,0
Artificial Intelligence transforms industries,0
New vaccine research shows promise,0
Time traveler wins lottery repeatedly,1
Cloud computing adoption grows rapidly,0
Doctors discover treatment breakthrough,0
Quantum computing breakthrough announced,0
Cloud computing adoption grows rapidly,0
Banks report strong quarterly profits,0
Moon made entirely of gold scientists say,1
Stock market closes higher today,0
Aliens control world governments secretly,1
Stock market closes higher today,0
Banks report strong quarterly profits,0
Drinking oil cures every disease instantly,1
New vaccine research shows promise,0
Artificial Intelligence transforms industries,0
Aliens control world governments secretly,1
New vaccine research shows promise,0
Investors remain optimistic about economy,0
Time traveler wins lottery repeatedly,1
Aliens control world governments secretly,1
Cloud computing adoption grows rapidly,0
Investors remain optimistic about economy,0
Cybersecurity threats increase worldwide,0
Banks report strong quarterly profits,0
Doctors discover treatment breakthrough,0
Moon made entirely of gold scientists say,1
Quantum computing breakthrough announced,0
Drinking oil cures every disease instantly,1
Interest rates remain unchanged,0
New vaccine research shows promise,0
Cybersecurity threats increase worldwide,0
Health organizations publish new study,0
Medical innovations reduce patient risk,0
Moon made entirely of gold scientists say,1
Moon made entirely of gold scientists say,1
Interest rates remain unchanged,0
Doctors discover treatment breakthrough,0
Invisible dragons found in city center,1
Artificial Intelligence transforms industries,0
Drinking oil cures every disease instantly,1
Aliens control world governments secretly,1
Medical innovations reduce patient risk,0
Artificial Intelligence transforms industries,0
Investors remain optimistic about economy,0
Medical innovations reduce patient risk,0
Drinking oil cures every disease instantly,1
Aliens control world governments secretly,1
Invisible dragons found in city center,1
New machine learning model released,0
Cybersecurity threats increase worldwide,0
Quantum computing breakthrough announced,0
Moon made entirely of gold scientists say,1
New vaccine research shows promise,0
Cloud computing adoption grows rapidly,0
Doctors discover treatment breakthrough,0
Aliens control world governments secretly,1
Invisible dragons found in city center,1
New vaccine research shows promise,0
Invisible dragons found in city center,1
Banks report strong quarterly profits,0
Interest rates remain unchanged,0
Aliens control world governments secretly,1
New vaccine research shows promise,0
New machine learning model released,0
Drinking oil cures every disease instantly,1
Interest rates remain unchanged,0
Time traveler wins lottery repeatedly,1
Cybersecurity threats increase worldwide,0
Cybersecurity threats increase worldwide,0
Quantum computing breakthrough announced,0
Invisible dragons found in city center,1
Moon made entirely of gold scientists say,1
Artificial Intelligence transforms industries,0
Invisible dragons found in city center,1
Doctors discover treatment breakthrough,0
Financial markets experience volatility,0
Doctors discover treatment breakthrough,0
Healthcare technology continues improving,0
Artificial Intelligence transforms industries,0
Aliens control world governments secretly,1
Cybersecurity threats increase worldwide,0
Cloud computing adoption grows rapidly,0
Moon made entirely of gold scientists say,1
Aliens control world governments secretly,1
Aliens control world governments secretly,1
Invisible dragons found in city center,1
Financial markets experience volatility,0
Financial markets experience volatility,0
Interest rates remain unchanged,0
Aliens control world governments secretly,1
Quantum computing breakthrough announced,0
Quantum computing breakthrough announced,0
Doctors discover treatment breakthrough,0
Aliens control world governments secretly,1
Time traveler wins lottery repeatedly,1
Artificial Intelligence transforms industries,0
Moon made entirely of gold scientists say,1
Drinking oil cures every disease instantly,1
New machine learning model released,0
Healthcare technology continues improving,0
Healthcare technology continues improving,0
Drinking oil cures every disease instantly,1
Doctors discover treatment breakthrough,0
Investors remain optimistic about economy,0
Stock market closes higher today,0
Aliens control world governments secretly,1
Cloud computing adoption grows rapidly,0
Financial markets experience volatility,0
Investors remain optimistic about economy,0
Healthcare technology continues improving,0
Quantum computing breakthrough announced,0
Drinking oil cures every disease instantly,1
New vaccine research shows promise,0
Time traveler wins lottery repeatedly,1
Aliens control world governments secretly,1
Invisible dragons found in city center,1
Medical innovations reduce patient risk,0
Investors remain optimistic about economy,0
Moon made entirely of gold scientists say,1
New machine learning model released,0
Health organizations publish new study,0
Investors remain optimistic about economy,0
Stock market closes higher today,0
Drinking oil cures every disease instantly,1
Interest rates remain unchanged,0
Time traveler wins lottery repeatedly,1
Quantum computing breakthrough announced,0
Invisible dragons found in city center,1
Time traveler wins lottery repeatedly,1
Medical innovations reduce patient risk,0
Financial markets experience volatility,0
Invisible dragons found in city center,1
Interest rates remain unchanged,0
Medical innovations reduce patient risk,0
Time traveler wins lottery repeatedly,1
Banks report strong quarterly profits,0
Interest rates remain unchanged,0
Cloud computing adoption grows rapidly,0
Drinking oil cures every disease instantly,1
Healthcare technology continues improving,0
New machine learning model released,0
Artificial Intelligence transforms industries,0
Time traveler wins lottery repeatedly,1
New machine learning model released,0
Stock market closes higher today,0
Healthcare technology continues improving,0
Aliens control world governments secretly,1
Time traveler wins lottery repeatedly,1
Artificial Intelligence transforms industries,0
Time traveler wins lottery repeatedly,1
Health organizations publish new study,0
Financial markets experience volatility,0
Doctors discover treatment breakthrough,0
Drinking oil cures every disease instantly,1
Moon made entirely of gold scientists say,1
Artificial Intelligence transforms industries,0
Cybersecurity threats increase worldwide,0
Artificial Intelligence transforms industries,0
Banks report strong quarterly profits,0
Cybersecurity threats increase worldwide,0
Drinking oil cures every disease instantly,1
Financial markets experience volatility,0
Medical innovations reduce patient risk,0
Quantum computing breakthrough announced,0
Healthcare technology continues improving,0
Financial markets experience volatility,0
Drinking oil cures every disease instantly,1
Drinking oil cures every disease instantly,1
Interest rates remain unchanged,0
Stock market closes higher today,0
Time traveler wins lottery repeatedly,1
Cybersecurity threats increase worldwide,0
Drinking oil cures every disease instantly,1
Cybersecurity threats increase worldwide,0
Moon made entirely of gold scientists say,1
Invisible dragons found in city center,1
Interest rates remain unchanged,0
Aliens control world governments secretly,1
Quantum computing breakthrough announced,0
Doctors discover treatment breakthrough,0
Cybersecurity threats increase worldwide,0
New vaccine research shows promise,0
New machine learning model released,0
Medical innovations reduce patient risk,0
Quantum computing breakthrough announced,0
Drinking oil cures every disease instantly,1
Cloud computing adoption grows rapidly,0
Interest rates remain unchanged,0
New vaccine research shows promise,0
Financial markets experience volatility,0
Investors remain optimistic about economy,0
Investors remain optimistic about economy,0
New vaccine research shows promise,0
Medical innovations reduce patient risk,0
Financial markets experience volatility,0
Financial markets experience volatility,0
Health organizations publish new study,0
Invisible dragons found in city center,1
Quantum computing breakthrough announced,0
Artificial Intelligence transforms industries,0
Drinking oil cures every disease instantly,1
Artificial Intelligence transforms industries,0
Moon made entirely of gold scientists say,1
Cloud computing adoption grows rapidly,0
Invisible dragons found in city center,1
Stock market closes higher today,0
Health organizations publish new study,0
Aliens control world governments secretly,1
Health organizations publish new study,0
New vaccine research shows promise,0
New vaccine research shows promise,0
Stock market closes higher today,0
Cybersecurity threats increase worldwide,0
Aliens control world governments secretly,1
Financial markets experience volatility,0
Doctors discover treatment breakthrough,0
Cybersecurity threats increase worldwide,0
Time traveler wins lottery repeatedly,1
Cloud computing adoption grows rapidly,0
Aliens control world governments secretly,1
Medical innovations reduce patient risk,0
Banks report strong quarterly profits,0
Healthcare technology continues improving,0
Health organizations publish new study,0
Cloud computing adoption grows rapidly,0
Aliens control world governments secretly,1
Moon made entirely of gold scientists say,1
Cybersecurity threats increase worldwide,0
Artificial Intelligence transforms industries,0
Health organizations publish new study,0
New machine learning model released,0
Investors remain optimistic about economy,0
Cloud computing adoption grows rapidly,0
Health organizations publish new study,0
Doctors discover treatment breakthrough,0
Banks report strong quarterly profits,0
New machine learning model released,0
Banks report strong quarterly profits,0
Quantum computing breakthrough announced,0
Financial markets experience volatility,0
Drinking oil cures every disease instantly,1
New machine learning model released,0
Healthcare technology continues improving,0
Financial markets experience volatility,0
Quantum computing breakthrough announced,0
Interest rates remain unchanged,0
Time traveler wins lottery repeatedly,1
Cybersecurity threats increase worldwide,0
Artificial Intelligence transforms industries,0
Cybersecurity threats increase worldwide,0
Invisible dragons found in city center,1
Doctors discover treatment breakthrough,0
Cybersecurity threats increase worldwide,0
Interest rates remain unchanged,0
Investors remain optimistic about economy,0
Doctors discover treatment breakthrough,0
Quantum computing breakthrough announced,0
Banks report strong quarterly profits,0
Investors remain optimistic about economy,0
Invisible dragons found in city center,1
Time traveler wins lottery repeatedly,1
New vaccine research shows promise,0
New vaccine research shows promise,0
Health organizations publish new study,0
Aliens control world governments secretly,1
Medical innovations reduce patient risk,0
Artificial Intelligence transforms industries,0
Aliens control world governments secretly,1
Financial markets experience volatility,0
Investors remain optimistic about economy,0
Time traveler wins lottery repeatedly,1
Time traveler wins lottery repeatedly,1
Quantum computing breakthrough announced,0
Time traveler wins lottery repeatedly,1
Medical innovations reduce patient risk,0
Cybersecurity threats increase worldwide,0
Doctors discover treatment breakthrough,0
Aliens control world governments secretly,1
Stock market closes higher today,0
Artificial Intelligence transforms industries,0
Cloud computing adoption grows rapidly,0
Aliens control world governments secretly,1
Medical innovations reduce patient risk,0
Banks report strong quarterly profits,0
Invisible dragons found in city center,1
New machine learning model released,0
Invisible dragons found in city center,1
Investors remain optimistic about economy,0
Drinking oil cures every disease instantly,1
Invisible dragons found in city center,1
Artificial Intelligence transforms industries,0
Moon made entirely of gold scientists say,1
Stock market closes higher today,0
Artificial Intelligence transforms industries,0
Cybersecurity threats increase worldwide,0
Cybersecurity threats increase worldwide,0
Time traveler wins lottery repeatedly,1
Cloud computing adoption grows rapidly,0
New machine learning model released,0
Health organizations publish new study,0
New vaccine research shows promise,0
Investors remain optimistic about economy,0
Drinking oil cures every disease instantly,1
Health organizations publish new study,0
Artificial Intelligence transforms industries,0
Stock market closes higher today,0
Stock market closes higher today,0
Health organizations publish new study,0
Stock market closes higher today,0
Interest rates remain unchanged,0
New vaccine research shows promise,0
Artificial Intelligence transforms industries,0
Stock market closes higher today,0
New vaccine research shows promise,0
Cybersecurity threats increase worldwide,0
Quantum computing breakthrough announced,0
Health organizations publish new study,0
Interest rates remain unchanged,0
Quantum computing breakthrough announced,0
Quantum computing breakthrough announced,0
Investors remain optimistic about economy,0
New vaccine research shows promise,0
Artificial Intelligence transforms industries,0
Stock market closes higher today,0
Health organizations publish new study,0
Cybersecurity threats increase worldwide,0
Stock market closes higher today,0
New machine learning model released,0
Drinking oil cures every disease instantly,1
Investors remain optimistic about economy,0
Interest rates remain unchanged,0
Healthcare technology continues improving,0
Aliens control world governments secretly,1
Banks report strong quarterly profits,0
Cloud computing adoption grows rapidly,0
Artificial Intelligence transforms industries,0
Time traveler wins lottery repeatedly,1
New machine learning model released,0
Doctors discover treatment breakthrough,0
Medical innovations reduce patient risk,0
Investors remain optimistic about economy,0
Investors remain optimistic about economy,0
Interest rates remain unchanged,0
Healthcare technology continues improving,0
Aliens control world governments secretly,1
Stock market closes higher today,0
Invisible dragons found in city center,1
Investors remain optimistic about economy,0
New vaccine research shows promise,0
Quantum computing breakthrough announced,0
Drinking oil cures every disease instantly,1
Aliens control world governments secretly,1
Stock market closes higher today,0
Invisible dragons found in city center,1
Time traveler wins lottery repeatedly,1
Financial markets experience volatility,0
Financial markets experience volatility,0
Interest rates remain unchanged,0
Doctors discover treatment breakthrough,0
New vaccine research shows promise,0
Doctors discover treatment breakthrough,0
Banks report strong quarterly profits,0
Invisible dragons found in city center,1
Aliens control world governments secretly,1
Doctors discover treatment breakthrough,0
Health organizations publish new study,0
Drinking oil cures every disease instantly,1
New machine learning model released,0
Doctors discover treatment breakthrough,0
Quantum computing breakthrough announced,0
Banks report strong quarterly profits,0
Financial markets experience volatility,0
Financial markets experience volatility,0
Stock market closes higher today,0
Artificial Intelligence transforms industries,0
Drinking oil cures every disease instantly,1
Investors remain optimistic about economy,0
New machine learning model released,0
Cloud computing adoption grows rapidly,0
New machine learning model released,0
Artificial Intelligence transforms industries,0
Interest rates remain unchanged,0
Health organizations publish new study,0
New machine learning model released,0
Aliens control world governments secretly,1
Aliens control world governments secretly,1
Health organizations publish new study,0
Drinking oil cures every disease instantly,1
Drinking oil cures every disease instantly,1
New machine learning model released,0
Interest rates remain unchanged,0
Moon made entirely of gold scientists say,1
Doctors discover treatment breakthrough,0
Doctors discover treatment breakthrough,0
Medical innovations reduce patient risk,0
New machine learning model released,0
Interest rates remain unchanged,0
New vaccine research shows promise,0
Health organizations publish new study,0
Drinking oil cures every disease instantly,1
New vaccine research shows promise,0
New machine learning model released,0
Banks report strong quarterly profits,0
Artificial Intelligence transforms industries,0
Cybersecurity threats increase worldwide,0
Cybersecurity threats increase worldwide,0
Interest rates remain unchanged,0
Quantum computing breakthrough announced,0
Banks report strong quarterly profits,0
Healthcare technology continues improving,0
New vaccine research shows promise,0
Moon made entirely of gold scientists say,1
Stock market closes higher today,0
Cybersecurity threats increase worldwide,0
Investors remain optimistic about economy,0
Doctors discover treatment breakthrough,0
Quantum computing breakthrough announced,0
Artificial Intelligence transforms industries,0
Quantum computing breakthrough announced,0
Banks report strong quarterly profits,0
Interest rates remain unchanged,0
Stock market closes higher today,0
Doctors discover treatment breakthrough,0
Health organizations publish new study,0
Drinking oil cures every disease instantly,1
Invisible dragons found in city center,1
Medical innovations reduce patient risk,0
New vaccine research shows promise,0
Interest rates remain unchanged,0
Stock market closes higher today,0
Interest rates remain unchanged,0
Drinking oil cures every disease instantly,1
Health organizations publish new study,0
Time traveler wins lottery repeatedly,1
Investors remain optimistic about economy,0
Banks report strong quarterly profits,0
Medical innovations reduce patient risk,0
Cybersecurity threats increase worldwide,0
Cybersecurity threats increase worldwide,0
New vaccine research shows promise,0
Financial markets experience volatility,0
Interest rates remain unchanged,0
Medical innovations reduce patient risk,0
Cloud computing adoption grows rapidly,0
New vaccine research shows promise,0
Investors remain optimistic about economy,0
Drinking oil cures every disease instantly,1
New machine learning model released,0
Drinking oil cures every disease instantly,1
New machine learning model released,0
Aliens control world governments secretly,1
Health organizations publish new study,0
Artificial Intelligence transforms industries,0
Cloud computing adoption grows rapidly,0
Doctors discover treatment breakthrough,0
Stock market closes higher today,0
Cybersecurity threats increase worldwide,0
Drinking oil cures every disease instantly,1
Financial markets experience volatility,0
Moon made entirely of gold scientists say,1
New machine learning model released,0
Moon made entirely of gold scientists say,1
New vaccine research shows promise,0
Invisible dragons found in city center,1
Time traveler wins lottery repeatedly,1
Moon made entirely of gold scientists say,1
Quantum computing breakthrough announced,0
Banks report strong quarterly profits,0
Interest rates remain unchanged,0
Quantum computing breakthrough announced,0
Cloud computing adoption grows rapidly,0
Healthcare technology continues improving,0
Banks report strong quarterly profits,0
Quantum computing breakthrough announced,0
Stock market closes higher today,0
Interest rates remain unchanged,0
Artificial Intelligence transforms industries,0
New vaccine research shows promise,0
Artificial Intelligence transforms industries,0
New machine learning model released,0
Financial markets experience volatility,0
Moon made entirely of gold scientists say,1
Doctors discover treatment breakthrough,0
Interest rates remain unchanged,0
Doctors discover treatment breakthrough,0
Drinking oil cures every disease instantly,1
Invisible dragons found in city center,1
Health organizations publish new study,0
Cybersecurity threats increase worldwide,0
Interest rates remain unchanged,0
Time traveler wins lottery repeatedly,1
Stock market closes higher today,0
Quantum computing breakthrough announced,0
Cloud computing adoption grows rapidly,0
New vaccine research shows promise,0
Banks report strong quarterly profits,0
Investors remain optimistic about economy,0
Financial markets experience volatility,0
Healthcare technology continues improving,0
Quantum computing breakthrough announced,0
Medical innovations reduce patient risk,0
Cybersecurity threats increase worldwide,0
Time traveler wins lottery repeatedly,1
Time traveler wins lottery repeatedly,1
Cybersecurity threats increase worldwide,0
Time traveler wins lottery repeatedly,1
Interest rates remain unchanged,0
Doctors discover treatment breakthrough,0
Medical innovations reduce patient risk,0
Drinking oil cures every disease instantly,1
Doctors discover treatment breakthrough,0
Cybersecurity threats increase worldwide,0
Healthcare technology continues improving,0
Drinking oil cures every disease instantly,1
Interest rates remain unchanged,0
Drinking oil cures every disease instantly,1
New machine learning model released,0
Artificial Intelligence transforms industries,0
Medical innovations reduce patient risk,0
Medical innovations reduce patient risk,0
Invisible dragons found in city center,1
Invisible dragons found in city center,1
Quantum computing breakthrough announced,0
Drinking oil cures every disease instantly,1
Cybersecurity threats increase worldwide,0
Healthcare technology continues improving,0
Cloud computing adoption grows rapidly,0
Artificial Intelligence transforms industries,0
Interest rates remain unchanged,0
New vaccine research shows promise,0
Financial markets experience volatility,0
New machine learning model released,0
Banks report strong quarterly profits,0
Stock market closes higher today,0
Cloud computing adoption grows rapidly,0
Time traveler wins lottery repeatedly,1
New vaccine research shows promise,0
Artificial Intelligence transforms industries,0
Banks report strong quarterly profits,0
Quantum computing breakthrough announced,0
Stock market closes higher today,0
Medical innovations reduce patient risk,0
New machine learning model released,0
Healthcare technology continues improving,0
Healthcare technology continues improving,0
Healthcare technology continues improving,0
New vaccine research shows promise,0
Moon made entirely of gold scientists say,1
Medical innovations reduce patient risk,0
Doctors discover treatment breakthrough,0
Stock market closes higher today,0
Medical innovations reduce patient risk,0
Financial markets experience volatility,0
Aliens control world governments secretly,1
Quantum computing breakthrough announced,0
Doctors discover treatment breakthrough,0
Investors remain optimistic about economy,0
Drinking oil cures every disease instantly,1
Artificial Intelligence transforms industries,0
New vaccine research shows promise,0
Aliens control world governments secretly,1
Cybersecurity threats increase worldwide,0
Banks report strong quarterly profits,0
Health organizations publish new study,0
Aliens control world governments secretly,1
New vaccine research shows promise,0
Time traveler wins lottery repeatedly,1
Interest rates remain unchanged,0
Doctors discover treatment breakthrough,0
Financial markets experience volatility,0
Quantum computing breakthrough announced,0
Cloud computing adoption grows rapidly,0
Stock market closes higher today,0
Interest rates remain unchanged,0
Healthcare technology continues improving,0
Banks report strong quarterly profits,0
New machine learning model released,0
Interest rates remain unchanged,0
Medical innovations reduce patient risk,0
Quantum computing breakthrough announced,0
Doctors discover treatment breakthrough,0
Drinking oil cures every disease instantly,1
Interest rates remain unchanged,0
Investors remain optimistic about economy,0
Aliens control world governments secretly,1
Medical innovations reduce patient risk,0
Drinking oil cures every disease instantly,1
Health organizations publish new study,0
Aliens control world governments secretly,1
Cloud computing adoption grows rapidly,0
Moon made entirely of gold scientists say,1
Health organizations publish new study,0
Aliens control world governments secretly,1
Health organizations publish new study,0
Doctors discover treatment breakthrough,0
Cybersecurity threats increase worldwide,0
Healthcare technology continues improving,0
Doctors discover treatment breakthrough,0
Invisible dragons found in city center,1
Time traveler wins lottery repeatedly,1
Financial markets experience volatility,0
Investors remain optimistic about economy,0
Healthcare technology continues improving,0
New vaccine research shows promise,0
Health organizations publish new study,0
Health organizations publish new study,0
Medical innovations reduce patient risk,0
Cybersecurity threats increase worldwide,0
Investors remain optimistic about economy,0
Quantum computing breakthrough announced,0
Moon made entirely of gold scientists say,1
Investors remain optimistic about economy,0
Medical innovations reduce patient risk,0
Time traveler wins lottery repeatedly,1
Artificial Intelligence transforms industries,0
Financial markets experience volatility,0
Moon made entirely of gold scientists say,1
Drinking oil cures every disease instantly,1
Banks report strong quarterly profits,0
Aliens control world governments secretly,1
Interest rates remain unchanged,0
Stock market closes higher today,0
Interest rates remain unchanged,0
Artificial Intelligence transforms industries,0
Drinking oil cures every disease instantly,1
Artificial Intelligence transforms industries,0
New vaccine research shows promise,0
Interest rates remain unchanged,0
Banks report strong quarterly profits,0
Investors remain optimistic about economy,0
Quantum computing breakthrough announced,0
Financial markets experience volatility,0
Healthcare technology continues improving,0
Time traveler wins lottery repeatedly,1
Banks report strong quarterly profits,0
New machine learning model released,0
Quantum computing breakthrough announced,0
New machine learning model released,0
Time traveler wins lottery repeatedly,1
Financial markets experience volatility,0
New vaccine research shows promise,0
Doctors discover treatment breakthrough,0
Drinking oil cures every disease instantly,1
Time traveler wins lottery repeatedly,1
Quantum computing breakthrough announced,0
Healthcare technology continues improving,0
Artificial Intelligence transforms industries,0
Financial markets experience volatility,0
Drinking oil cures every disease instantly,1
Investors remain optimistic about economy,0
Moon made entirely of gold scientists say,1
Cloud computing adoption grows rapidly,0
Cybersecurity threats increase worldwide,0
Healthcare technology continues improving,0
Quantum computing breakthrough announced,0
Doctors discover treatment breakthrough,0
Invisible dragons found in city center,1
Cloud computing adoption grows rapidly,0
Doctors discover treatment breakthrough,0
Investors remain optimistic about economy,0
Health organizations publish new study,0
Aliens control world governments secretly,1
Banks report strong quarterly profits,0
Medical innovations reduce patient risk,0
Doctors discover treatment breakthrough,0
Moon made entirely of gold scientists say,1
Cloud computing adoption grows rapidly,0
Cloud computing adoption grows rapidly,0
Stock market closes higher today,0
Investors remain optimistic about economy,0
Artificial Intelligence transforms industries,0
Artificial Intelligence transforms industries,0
Artificial Intelligence transforms industries,0
Cloud computing adoption grows rapidly,0
Drinking oil cures every disease instantly,1
Cloud computing adoption grows rapidly,0
Healthcare technology continues improving,0
Cybersecurity threats increase worldwide,0
Moon made entirely of gold scientists say,1
Investors remain optimistic about economy,0
Moon made entirely of gold scientists say,1
Cybersecurity threats increase worldwide,0
Doctors discover treatment breakthrough,0
Quantum computing breakthrough announced,0
New machine learning model released,0
Artificial Intelligence transforms industries,0
Medical innovations reduce patient risk,0
Interest rates remain unchanged,0
Time traveler wins lottery repeatedly,1
Quantum computing breakthrough announced,0
Stock market closes higher today,0
Stock market closes higher today,0
Moon made entirely of gold scientists say,1
Stock market closes higher today,0
New machine learning model released,0
Healthcare technology continues improving,0
Aliens control world governments secretly,1
Healthcare technology continues improving,0
New machine learning model released,0
Health organizations publish new study,0
New vaccine research shows promise,0
Healthcare technology continues improving,0
Health organizations publish new study,0
Banks report strong quarterly profits,0
Doctors discover treatment breakthrough,0
Interest rates remain unchanged,0
Stock market closes higher today,0
Interest rates remain unchanged,0
Invisible dragons found in city center,1
New machine learning model released,0
Health organizations publish new study,0
Healthcare technology continues improving,0
Medical innovations reduce patient risk,0
New vaccine research shows promise,0
Time traveler wins lottery repeatedly,1
Stock market closes higher today,0
New machine learning model released,0
Quantum computing breakthrough announced,0
Banks report strong quarterly profits,0
Investors remain optimistic about economy,0
Doctors discover treatment breakthrough,0
Investors remain optimistic about economy,0
Interest rates remain unchanged,0
Health organizations publish new study,0
New machine learning model released,0
Moon made entirely of gold scientists say,1
Medical innovations reduce patient risk,0
Artificial Intelligence transforms industries,0
Quantum computing breakthrough announced,0
Aliens control world governments secretly,1
Invisible dragons found in city center,1
New vaccine research shows promise,0
Stock market closes higher today,0
Medical innovations reduce patient risk,0
Artificial Intelligence transforms industries,0
Stock market closes higher today,0
Health organizations publish new study,0
Investors remain optimistic about economy,0
Drinking oil cures every disease instantly,1
Financial markets experience volatility,0
Artificial Intelligence transforms industries,0
Artificial Intelligence transforms industries,0
New vaccine research shows promise,0
Cybersecurity threats increase worldwide,0
Moon made entirely of gold scientists say,1
Financial markets experience volatility,0
Quantum computing breakthrough announced,0
Medical innovations reduce patient risk,0
Interest rates remain unchanged,0
Financial markets experience volatility,0
Stock market closes higher today,0
Medical innovations reduce patient risk,0
Moon made entirely of gold scientists say,1
Invisible dragons found in city center,1
Quantum computing breakthrough announced,0
Health organizations publish new study,0
Investors remain optimistic about economy,0
Healthcare technology continues improving,0
New machine learning model released,0
Artificial Intelligence transforms industries,0
Interest rates remain unchanged,0
Time traveler wins lottery repeatedly,1
Artificial Intelligence transforms industries,0
Cloud computing adoption grows rapidly,0
Drinking oil cures every disease instantly,1
Quantum computing breakthrough announced,0
Healthcare technology continues improving,0
Healthcare technology continues improving,0
Stock market closes higher today,0
Moon made entirely of gold scientists say,1
Moon made entirely of gold scientists say,1
Financial markets experience volatility,0
Time traveler wins lottery repeatedly,1
New vaccine research shows promise,0
Cybersecurity threats increase worldwide,0
Financial markets experience volatility,0
Interest rates remain unchanged,0
Cloud computing adoption grows rapidly,0
Medical innovations reduce patient risk,0
Artificial Intelligence transforms industries,0
New vaccine research shows promise,0
Banks report strong quarterly profits,0
Stock market closes higher today,0
New vaccine research shows promise,0
Cloud computing adoption grows rapidly,0
Healthcare technology continues improving,0
Invisible dragons found in city center,1
Doctors discover treatment breakthrough,0
New machine learning model released,0
Financial markets experience volatility,0
Time traveler wins lottery repeatedly,1
Time traveler wins lottery repeatedly,1
Artificial Intelligence transforms industries,0
Financial markets experience volatility,0
Time traveler wins lottery repeatedly,1
Healthcare technology continues improving,0
Healthcare technology continues improving,0
Moon made entirely of gold scientists say,1
Quantum computing breakthrough announced,0
Cloud computing adoption grows rapidly,0
Invisible dragons found in city center,1
Cloud computing adoption grows rapidly,0
New vaccine research shows promise,0
Cloud computing adoption grows rapidly,0
Artificial Intelligence transforms industries,0
New machine learning model released,0
Moon made entirely of gold scientists say,1
Banks report strong quarterly profits,0
Health organizations publish new study,0
Health organizations publish new study,0
Stock market closes higher today,0
Healthcare technology continues improving,0
Interest rates remain unchanged,0
New machine learning model released,0
Drinking oil cures every disease instantly,1
Financial markets experience volatility,0
Cybersecurity threats increase worldwide,0
Healthcare technology continues improving,0
Time traveler wins lottery repeatedly,1
Interest rates remain unchanged,0
Artificial Intelligence transforms industries,0
New machine learning model released,0
Time traveler wins lottery repeatedly,1
Doctors discover treatment breakthrough,0
Investors remain optimistic about economy,0
New machine learning model released,0
Medical innovations reduce patient risk,0
Time traveler wins lottery repeatedly,1
Cybersecurity threats increase worldwide,0
Invisible dragons found in city center,1
Banks report strong quarterly profits,0
New vaccine research shows promise,0
Aliens control world governments secretly,1
Stock market closes higher today,0
Investors remain optimistic about economy,0
Moon made entirely of gold scientists say,1
Investors remain optimistic about economy,0
Financial markets experience volatility,0
Invisible dragons found in city center,1
Doctors discover treatment breakthrough,0
Time traveler wins lottery repeatedly,1
Time traveler wins lottery repeatedly,1
New vaccine research shows promise,0
Interest rates remain unchanged,0
Healthcare technology continues improving,0
Healthcare technology continues improving,0
Investors remain optimistic about economy,0
Cybersecurity threats increase worldwide,0
Cloud computing adoption grows rapidly,0
Artificial Intelligence transforms industries,0
Health organizations publish new study,0
Cloud computing adoption grows rapidly,0
Drinking oil cures every disease instantly,1
Medical innovations reduce patient risk,0
Interest rates remain unchanged,0
Doctors discover treatment breakthrough,0
Cybersecurity threats increase worldwide,0
Invisible dragons found in city center,1
Quantum computing breakthrough announced,0
Health organizations publish new study,0
Medical innovations reduce patient risk,0
Interest rates remain unchanged,0
Quantum computing breakthrough announced,0
Doctors discover treatment breakthrough,0
New machine learning model released,0
Drinking oil cures every disease instantly,1
Cloud computing adoption grows rapidly,0
Aliens control world governments secretly,1
Cybersecurity threats increase worldwide,0
Banks report strong quarterly profits,0
Moon made entirely of gold scientists say,1
Invisible dragons found in city center,1
Stock market closes higher today,0
Quantum computing breakthrough announced,0
Cloud computing adoption grows rapidly,0
Investors remain optimistic about economy,0
Moon made entirely of gold scientists say,1
Cybersecurity threats increase worldwide,0
Cybersecurity threats increase worldwide,0
Interest rates remain unchanged,0
Aliens control world governments secretly,1
Stock market closes higher today,0
Banks report strong quarterly profits,0
Invisible dragons found in city center,1
Artificial Intelligence transforms industries,0
Time traveler wins lottery repeatedly,1
New machine learning model released,0
Moon made entirely of gold scientists say,1
Time traveler wins lottery repeatedly,1
Quantum computing breakthrough announced,0
Investors remain optimistic about economy,0
Interest rates remain unchanged,0
Artificial Intelligence transforms industries,0
Cybersecurity threats increase worldwide,0
Stock market closes higher today,0
Moon made entirely of gold scientists say,1
Interest rates remain unchanged,0
Aliens control world governments secretly,1
Cybersecurity threats increase worldwide,0
Cybersecurity threats increase worldwide,0
Aliens control world governments secretly,1
Investors remain optimistic about economy,0
Aliens control world governments secretly,1
Stock market closes higher today,0
Artificial Intelligence transforms industries,0
Artificial Intelligence transforms industries,0
Cybersecurity threats increase worldwide,0
